[
    {
      "id": 1,
      "title": "Renewable Energy",
      "description": "Switch to renewable energy sources like solar and wind to reduce carbon emissions.",
      "content": {
        "overview": "Renewable energy sources like solar, wind, hydro, and geothermal offer a sustainable alternative to fossil fuels, reducing greenhouse gas emissions and promoting energy independence.",
        "benefits": [
          "Reduces carbon emissions",
          "Lowers energy costs over time",
          "Increases energy security",
          "Creates green jobs"
        ],
        "how_to_implement": [
          "Install solar panels on rooftops",
          "Switch to wind or hydroelectric power if available",
          "Use government incentives for renewable energy adoption"
        ],
        "real_world_examples": [
          "Germany’s Energiewende policy promotes nationwide renewable energy transition.",
          "Tesla’s Solar Roof provides an innovative way to generate renewable energy at home."
        ]
      },
      "image": "assets/images/renewable-energy.jpg"
    },
    {
      "id": 2,
      "title": "Sustainable Transport",
      "description": "Use public transport, cycle, or drive electric vehicles to reduce emissions.",
      "content": {
        "overview": "Sustainable transport includes using electric vehicles (EVs), bicycles, and public transportation to reduce reliance on fossil fuels and minimize environmental impact.",
        "benefits": [
          "Reduces air pollution",
          "Decreases dependence on fossil fuels",
          "Promotes healthier lifestyles",
          "Lowers traffic congestion"
        ],
        "how_to_implement": [
          "Use public transport instead of private cars",
          "Switch to electric or hybrid vehicles",
          "Encourage carpooling and ridesharing"
        ],
        "real_world_examples": [
          "Norway leads in EV adoption with incentives and infrastructure.",
          "Copenhagen is a model city for bicycle-friendly transport."
        ]
      },
      "image": "assets/images/sustainable-transport.jpg"
    },
    {
      "id": 3,
      "title": "Waste Management",
      "description": "Reduce, reuse, and recycle to minimize waste production.",
      "content": {
        "overview": "Effective waste management involves reducing waste, reusing materials, and recycling to minimize landfill impact and environmental pollution.",
        "benefits": [
          "Reduces pollution and greenhouse gas emissions",
          "Conserves natural resources",
          "Creates job opportunities in recycling industries",
          "Extends the life of landfills"
        ],
        "how_to_implement": [
          "Adopt composting for organic waste",
          "Use reusable bags and containers",
          "Participate in local recycling programs"
        ],
        "real_world_examples": [
          "Sweden recycles nearly 99% of its waste through innovative systems.",
          "San Francisco has a Zero Waste goal by 2030."
        ]
      },
      "image": "assets/images/waste-management.jpg"
    },
    {
      "id": 4,
      "title": "Water Conservation",
      "description": "Reduce water wastage by fixing leaks and using water-efficient appliances.",
      "content": {
        "overview": "Water conservation helps protect freshwater resources and ensures sustainable access to clean water for future generations.",
        "benefits": [
          "Reduces water bills",
          "Prevents water shortages",
          "Protects ecosystems and wildlife",
          "Lowers energy use in water treatment"
        ],
        "how_to_implement": [
          "Fix leaks in taps and pipes",
          "Install low-flow showerheads and faucets",
          "Harvest rainwater for household use"
        ],
        "real_world_examples": [
          "Singapore’s NEWater system recycles wastewater for reuse.",
          "Cape Town’s water-saving measures helped avoid 'Day Zero' water crisis."
        ]
      },
      "image": "assets/images/water-conservation.jpg"
    },
    {
      "id": 5,
      "title": "Eco-Friendly Products",
      "description": "Use biodegradable and sustainable products to minimize environmental impact.",
      "content": {
        "overview": "Eco-friendly products are made from sustainable materials, use less energy in production, and decompose naturally without harming the environment.",
        "benefits": [
          "Reduces plastic waste",
          "Minimizes toxic chemical exposure",
          "Supports sustainable industries",
          "Encourages responsible consumer behavior"
        ],
        "how_to_implement": [
          "Switch to reusable bags, bottles, and cutlery",
          "Choose biodegradable or compostable packaging",
          "Support brands with ethical and eco-friendly practices"
        ],
        "real_world_examples": [
          "Patagonia produces eco-friendly outdoor clothing.",
          "Lush offers package-free and organic beauty products."
        ]
      },
      "image": "assets/images/eco-friendly-products.jpg"
    }
  ]
  